City_ID,City,Country,Date,Lat,Lng,Max Temp,Humidity,Cloudiness,Wind Speed
0,Nome,US,2021-12-02 02:34:22,64.5011,-165.4064,-11.13,65,1,3.44
1,Gat,IL,2021-12-02 02:34:22,31.61,34.7642,62.82,100,53,8.08
2,Rio Claro,BR,2021-12-02 02:34:22,-22.4114,-47.5614,71.42,79,0,4.61
3,Hithadhoo,MV,2021-12-02 02:34:23,-0.6,73.0833,82.06,74,91,5.82
4,Amalapuram,IN,2021-12-02 02:34:23,16.5833,82.0167,79.18,63,7,6.53
5,Mar Del Plata,AR,2021-12-02 02:34:24,-38.0023,-57.5575,62.1,87,0,1.99
6,Busselton,AU,2021-12-02 02:34:24,-33.65,115.3333,71.1,36,6,4.76
7,Luderitz,NA,2021-12-02 02:34:25,-26.6481,15.1594,58.84,70,0,16.89
8,Mataura,NZ,2021-12-02 02:34:25,-46.1927,168.8643,71.87,42,100,5.5
9,Sungaipenuh,ID,2021-12-02 02:34:26,-2.0833,101.3833,78.69,51,45,4.85
10,Tasiilaq,GL,2021-12-02 02:34:26,65.6145,-37.6368,26.13,92,100,34.85
11,Thinadhoo,MV,2021-12-02 02:34:27,0.5333,72.9333,82.0,75,89,6.42
12,Jawhar,SO,2021-12-02 02:34:27,2.7809,45.5005,77.13,73,98,8.77
13,Mount Gambier,AU,2021-12-02 02:34:27,-37.8333,140.7667,64.31,68,90,10.36
14,Upernavik,GL,2021-12-02 02:34:28,72.7868,-56.1549,27.43,97,100,6.49
15,Manicore,BR,2021-12-02 02:34:28,-5.8092,-61.3003,71.08,98,100,2.46
16,Bilma,NE,2021-12-02 02:34:29,18.6853,12.9164,65.48,19,2,7.2
17,Awbari,LY,2021-12-02 02:34:29,26.5921,12.7805,54.39,29,61,9.51
18,Sur,OM,2021-12-02 02:34:29,22.5667,59.5289,72.32,59,0,4.12
19,Koch Bihar,IN,2021-12-02 02:34:30,26.3167,89.4333,70.34,51,59,6.82
20,Cape Town,ZA,2021-12-02 02:31:50,-33.9258,18.4232,58.26,69,20,5.75
21,Ushuaia,AR,2021-12-02 02:34:30,-54.8,-68.3,44.26,70,20,20.71
22,Punta Arenas,CL,2021-12-02 02:33:07,-53.15,-70.9167,46.51,66,20,13.8
23,New Norfolk,AU,2021-12-02 02:34:31,-42.7826,147.0587,82.9,37,82,1.01
24,Broome,US,2021-12-02 02:34:32,42.2506,-75.833,38.46,78,90,1.99
25,Carnarvon,AU,2021-12-02 02:34:32,-24.8667,113.6333,77.07,53,0,24.16
26,Marawi,PH,2021-12-02 02:34:33,7.9986,124.2928,74.64,63,98,4.76
27,Kailua,US,2021-12-02 02:34:33,21.4022,-157.7394,84.18,71,75,12.66
28,Yellowknife,CA,2021-12-02 02:34:34,62.456,-114.3525,-0.58,97,75,6.91
29,Barrow,US,2021-12-02 02:34:34,71.2906,-156.7887,-11.18,70,90,6.91
30,College,US,2021-12-02 02:30:14,64.8569,-147.8028,-2.54,75,75,0.0
31,Jamestown,US,2021-12-02 02:34:14,42.097,-79.2353,40.59,94,90,11.01
32,Fort Nelson,CA,2021-12-02 02:30:27,58.8053,-122.7002,-9.81,84,90,3.44
33,Saint George,US,2021-12-02 02:30:08,37.1041,-113.5841,63.36,30,1,1.01
34,Albany,US,2021-12-02 02:34:35,42.6001,-73.9662,35.31,82,100,4.23
35,Saskylakh,RU,2021-12-02 02:34:36,71.9167,114.0833,-35.36,100,98,1.39
36,Tayug,PH,2021-12-02 02:34:36,16.0274,120.7434,83.35,50,80,5.61
37,Jasper,US,2021-12-02 02:34:36,37.2001,-94.3502,55.35,56,1,1.01
38,Butaritari,KI,2021-12-02 02:34:37,3.0707,172.7902,82.27,76,72,11.83
39,Codrington,AU,2021-12-02 02:34:37,-38.2667,141.9667,63.19,76,76,14.32
40,Qaanaaq,GL,2021-12-02 02:34:38,77.484,-69.3632,5.56,68,12,6.89
41,San Policarpo,PH,2021-12-02 02:34:38,12.1791,125.5072,80.24,86,100,14.32
42,Bosaso,SO,2021-12-02 02:34:39,11.2842,49.1816,72.12,58,0,3.53
43,Warrnambool,AU,2021-12-02 02:34:39,-38.3833,142.4833,70.81,75,96,15.66
44,Berga,NO,2021-12-02 02:34:40,60.392,5.328,32.65,80,0,9.22
45,Garden City,US,2021-12-02 02:30:37,42.3256,-83.331,42.75,96,90,9.22
46,Patancheru,IN,2021-12-02 02:34:41,17.5314,78.265,68.86,77,12,8.66
47,Korla,CN,2021-12-02 02:34:42,41.7597,86.1469,25.7,61,1,2.66
48,Tura,IN,2021-12-02 02:35:42,25.5198,90.2201,72.7,54,10,2.39
49,Thompson,CA,2021-12-02 02:35:42,55.7435,-97.8558,-2.04,78,75,9.22
50,Buta,CD,2021-12-02 02:35:43,2.7858,24.73,69.78,99,99,0.96
51,Rocha,UY,2021-12-02 02:35:43,-34.4833,-54.3333,53.89,84,66,3.6
52,Kodiak,US,2021-12-02 02:35:44,57.79,-152.4072,17.11,79,90,35.68
53,Sydney,AU,2021-12-02 02:35:17,-33.8679,151.2073,87.31,69,20,1.99
54,Kuala Sungai Baru,MY,2021-12-02 02:35:44,2.3594,102.0353,77.14,67,74,6.6
55,Portree,GB,2021-12-02 02:35:45,57.4129,-6.1942,38.86,73,85,15.08
56,Rikitea,PF,2021-12-02 02:35:45,-23.1203,-134.9692,76.24,74,2,18.03
57,Clyde River,CA,2021-12-02 02:35:46,70.4692,-68.5914,7.03,85,100,18.41
58,Khatanga,RU,2021-12-02 02:35:46,71.9667,102.5,-40.88,100,92,1.23
59,Hermanus,ZA,2021-12-02 02:35:47,-34.4187,19.2345,57.9,73,75,8.01
60,Cristobal Obregon,MX,2021-12-02 02:35:47,16.35,-93.5333,70.86,92,52,3.91
61,Vaini,TO,2021-12-02 02:35:48,-21.2,-175.2,84.36,84,20,13.8
62,Lata,PT,2021-12-02 02:35:48,40.1629,-8.3327,52.92,90,100,12.01
63,Vao,NC,2021-12-02 02:35:49,-22.6667,167.4833,76.86,78,54,16.22
64,Atuona,PF,2021-12-02 02:35:49,-9.8,-139.0333,78.8,76,63,21.03
65,Atasu,KZ,2021-12-02 02:35:50,48.6814,71.6433,24.37,74,100,8.41
66,Nishihara,JP,2021-12-02 02:35:50,26.1842,127.7558,65.86,73,75,13.8
67,Praia,CV,2021-12-02 02:35:50,14.9215,-23.5087,73.94,73,75,17.27
68,Port Alfred,ZA,2021-12-02 02:32:39,-33.5906,26.891,67.46,92,93,3.11
69,Pavlodar,KZ,2021-12-02 02:35:51,52.3,76.95,10.2,85,0,8.95
70,Namibe,AO,2021-12-02 02:35:52,-15.1961,12.1522,69.71,83,98,5.57
71,Taltal,CL,2021-12-02 02:35:52,-25.4,-70.4833,62.47,77,31,2.66
72,Lincoln,US,2021-12-02 02:34:12,40.8,-96.667,59.02,39,1,3.0
73,Elbistan,TR,2021-12-02 02:35:53,38.2059,37.1983,28.63,80,10,2.44
74,Vardo,NO,2021-12-02 02:31:21,70.3705,31.1107,34.27,58,100,30.42
75,Miri,MY,2021-12-02 02:35:53,4.4148,114.0089,87.94,66,40,5.75
76,Avarua,CK,2021-12-02 02:35:54,-21.2078,-159.775,77.05,94,75,13.8
77,Sitka,US,2021-12-02 02:35:54,57.0531,-135.33,37.29,65,90,17.27
78,Lipin Bor,RU,2021-12-02 02:35:55,60.2622,37.9763,19.56,85,95,16.13
79,Gamboma,CG,2021-12-02 02:35:55,-1.8764,15.8644,73.11,90,100,2.42
80,Puerto Ayora,EC,2021-12-02 02:35:56,-0.7393,-90.3518,68.38,90,43,8.39
81,Bredasdorp,ZA,2021-12-02 02:35:56,-34.5322,20.0403,59.67,67,78,9.15
82,Emerald,AU,2021-12-02 02:35:56,-23.5333,148.1667,89.74,48,48,5.75
83,Lebu,CL,2021-12-02 02:35:57,-37.6167,-73.65,53.35,92,100,11.54
84,Castro,BR,2021-12-02 02:35:57,-24.7911,-50.0119,62.8,91,49,9.98
85,Mareeba,AU,2021-12-02 02:35:58,-17.0,145.4333,94.44,47,95,5.28
86,Antofagasta,CL,2021-12-02 02:35:58,-23.65,-70.4,63.68,82,48,3.96
87,Porto Novo,BJ,2021-12-02 02:33:48,6.4965,2.6036,82.22,87,95,5.06
88,Tuktoyaktuk,CA,2021-12-02 02:35:59,69.4541,-133.0374,-14.8,76,90,8.05
89,Kruisfontein,ZA,2021-12-02 02:35:59,-34.0033,24.7314,63.88,89,100,14.52
90,Omsukchan,RU,2021-12-02 02:36:00,62.5333,155.8,-20.06,96,100,10.63
91,Nsanje,MW,2021-12-02 02:36:00,-16.92,35.262,76.77,85,62,4.29
92,Te Anau,NZ,2021-12-02 02:34:41,-45.4167,167.7167,72.19,49,100,4.14
93,Dakar,SN,2021-12-02 02:36:01,14.6937,-17.4441,74.28,73,100,18.7
94,Saint Anthony,US,2021-12-02 02:36:01,45.0205,-93.218,50.95,75,1,4.0
95,Karlskoga,SE,2021-12-02 02:36:02,59.3267,14.5239,22.32,52,100,8.23
96,Saldanha,ZA,2021-12-02 02:37:02,-33.0117,17.9442,57.25,76,0,16.58
97,Airai,TL,2021-12-02 02:34:45,-8.9266,125.4092,79.18,45,47,2.26
98,Dingle,PH,2021-12-02 02:37:03,10.9995,122.6711,79.16,88,100,12.97
99,Bluff,NZ,2021-12-02 02:34:41,-46.6,168.3333,59.74,76,100,13.15
100,East London,ZA,2021-12-02 02:37:03,-33.0153,27.9116,69.03,94,100,0.72
101,Cidreira,BR,2021-12-02 02:37:04,-30.1811,-50.2056,65.01,71,93,6.69
102,Mingshui,CN,2021-12-02 02:37:04,36.7167,117.5,48.58,32,0,11.23
103,Imeni Poliny Osipenko,RU,2021-12-02 02:37:05,52.4201,136.4853,12.38,73,78,3.53
104,Ust-Nera,RU,2021-12-02 02:37:05,64.5667,143.2,-41.64,100,99,4.74
105,Pisco,PE,2021-12-02 02:37:06,-13.7,-76.2167,64.45,82,0,8.05
106,Aksha,RU,2021-12-02 02:37:06,50.2814,113.2867,18.01,60,87,17.83
107,Razole,IN,2021-12-02 02:37:06,16.4833,81.8333,79.09,64,13,6.51
108,Avera,US,2021-12-02 02:37:07,33.194,-82.5271,60.67,50,95,7.38
109,Harper,LR,2021-12-02 02:37:07,4.375,-7.7169,78.62,83,47,6.06
110,Verkhnevilyuysk,RU,2021-12-02 02:37:08,63.4453,120.3167,-20.85,96,100,1.95
111,Nikolskoye,RU,2021-12-02 02:34:42,59.7035,30.7861,19.29,98,93,3.09
112,Williamsport,US,2021-12-02 02:32:15,41.2412,-77.0011,41.52,69,90,1.99
113,Kapaa,US,2021-12-02 02:37:08,22.0752,-159.319,82.38,74,20,4.0
114,Octeville,FR,2021-12-02 02:37:09,49.6261,-1.6435,43.92,70,75,13.8
115,Hambantota,LK,2021-12-02 02:37:09,6.1241,81.1185,79.14,94,20,2.3
116,Erdemli,TR,2021-12-02 02:37:10,36.605,34.3084,54.5,42,0,2.93
117,Asau,RO,2021-12-02 02:37:10,46.4333,26.4,42.28,79,61,7.9
118,Buala,SB,2021-12-02 02:37:10,-8.145,159.5921,84.83,71,71,1.66
119,Tiksi,RU,2021-12-02 02:35:50,71.6872,128.8694,-28.93,100,78,4.41
120,Jizan,SA,2021-12-02 02:37:11,17.3333,42.6667,76.14,66,0,2.75
121,Sainte-Suzanne,RE,2021-12-02 02:37:11,-20.9061,55.6089,73.62,64,75,3.44
122,Leh,IN,2021-12-02 02:34:20,34.1667,77.5833,21.4,54,98,1.95
123,Lasa,IT,2021-12-02 02:37:12,46.6166,10.7002,38.14,97,100,2.15
124,Brejo Santo,BR,2021-12-02 02:37:13,-7.4933,-38.9872,82.63,45,99,4.38
125,Flinders,AU,2021-12-02 02:33:44,-34.5833,150.8552,83.17,71,41,13.06
126,Mildura,AU,2021-12-02 02:37:13,-34.2,142.15,95.07,26,50,11.5
127,Nemuro,JP,2021-12-02 02:37:14,43.3236,145.575,37.83,57,30,31.54
128,Mahebourg,MU,2021-12-02 02:37:14,-20.4081,57.7,79.25,73,40,8.05
129,Duku,NG,2021-12-02 02:37:15,11.2361,4.9073,72.21,23,98,4.21
130,Kaliua,TZ,2021-12-02 02:37:15,-5.0606,31.7936,64.24,95,94,1.79
131,Gidole,ET,2021-12-02 02:37:15,5.65,37.3667,53.02,55,44,2.46
132,Rawson,AR,2021-12-02 02:36:14,-43.3002,-65.1023,66.78,29,50,24.96
133,Boras,SE,2021-12-02 02:37:16,57.721,12.9401,29.34,84,100,15.52
134,La Asuncion,VE,2021-12-02 02:37:16,11.0333,-63.8628,80.33,94,100,11.5
135,Torbay,CA,2021-12-02 02:35:29,47.6666,-52.7314,36.68,88,90,2.3
136,Huarmey,PE,2021-12-02 02:37:17,-10.0681,-78.1522,66.04,86,99,6.02
137,Aklavik,CA,2021-12-02 02:37:17,68.2191,-135.0107,-21.17,99,100,9.64
138,Itarema,BR,2021-12-02 02:35:00,-2.9248,-39.9167,79.88,79,89,11.32
139,Ilulissat,GL,2021-12-02 02:37:18,69.2167,-51.1,27.01,67,90,11.05
140,Zhigansk,RU,2021-12-02 02:37:18,66.7697,123.3711,-40.94,98,66,6.62
141,Bodden Town,KY,2021-12-02 02:33:47,19.2833,-81.25,78.93,84,3,15.21
142,Port Elizabeth,ZA,2021-12-02 02:37:19,-33.918,25.5701,66.09,85,99,18.28
143,Chuy,UY,2021-12-02 02:37:19,-33.6971,-53.4616,57.79,77,10,5.39
144,Anadyr,RU,2021-12-02 02:37:20,64.75,177.4833,1.9,84,75,8.01
145,Kamaishi,JP,2021-12-02 02:38:20,39.2667,141.8833,36.55,70,47,21.14
146,Bima,ID,2021-12-02 02:38:21,-8.4667,118.7167,89.04,61,94,2.01
147,Longyearbyen,SJ,2021-12-02 02:38:21,78.2186,15.6401,10.24,61,75,13.8
148,Coihaique,CL,2021-12-02 02:38:11,-45.5752,-72.0662,43.41,87,75,3.44
149,Kawalu,ID,2021-12-02 02:38:22,-7.3817,108.2082,84.88,64,75,2.77
150,Katete,UG,2021-12-02 02:38:22,-0.7818,29.7544,58.14,93,94,3.42
151,Lexington,US,2021-12-02 02:33:34,37.9887,-84.4777,57.24,72,90,10.36
152,Srednekolymsk,RU,2021-12-02 02:38:23,67.45,153.6833,-39.37,100,54,3.56
153,Kampene,CD,2021-12-02 02:38:23,-3.6,26.6667,66.96,99,100,0.36
154,Ndele,CF,2021-12-02 02:38:24,8.4109,20.6473,73.24,33,43,3.31
155,Kitami,JP,2021-12-02 02:38:24,43.8031,143.8908,36.86,43,96,9.24
156,Ocampo,MX,2021-12-02 02:38:25,21.65,-101.5,55.6,59,38,9.82
157,Vila Velha,BR,2021-12-02 02:36:16,-20.3297,-40.2925,76.95,89,75,3.44
158,Morinville,CA,2021-12-02 02:38:25,53.8001,-113.652,34.02,77,75,4.61
159,Auki,SB,2021-12-02 02:38:26,-8.7676,160.7034,83.84,75,100,1.54
160,Adrar,MR,2021-12-02 02:38:26,20.5022,-10.0711,67.73,14,100,10.25
161,Faanui,PF,2021-12-02 02:38:27,-16.4833,-151.75,79.48,75,100,13.2
162,Ola,RU,2021-12-02 02:38:27,59.5833,151.2833,8.58,80,100,27.67
163,Cap Malheureux,MU,2021-12-02 02:38:28,-19.9842,57.6142,79.47,73,1,5.01
164,Kanniyakumari,IN,2021-12-02 02:38:28,8.0833,77.5667,80.13,77,27,9.22
165,Ipixuna,BR,2021-12-02 02:38:29,-1.7625,-48.8043,80.55,91,88,3.36
166,Maxixe,MZ,2021-12-02 02:38:29,-23.8597,35.3472,71.19,88,37,7.94
167,Arraial Do Cabo,BR,2021-12-02 02:38:30,-22.9661,-42.0278,73.13,88,43,8.55
168,Cabo San Lucas,MX,2021-12-02 02:35:55,22.8909,-109.9124,78.51,63,20,10.36
169,Cap-Aux-Meules,CA,2021-12-02 02:38:30,47.3821,-61.8597,33.85,86,90,12.66
170,Dunmore Town,BS,2021-12-02 02:38:31,25.5,-76.65,78.1,63,25,11.03
171,Sao Joao Da Barra,BR,2021-12-02 02:38:31,-21.6403,-41.0511,71.71,94,2,7.02
172,Soto La Marina,MX,2021-12-02 02:38:32,23.7667,-98.2167,65.77,83,100,3.69
173,Banda Aceh,ID,2021-12-02 02:38:32,5.5577,95.3222,83.32,67,80,5.17
174,Santa Rosa,PH,2021-12-02 02:38:32,14.3122,121.1114,87.12,61,74,15.14
175,Hilo,US,2021-12-02 02:38:14,19.7297,-155.09,78.53,81,40,9.22
176,Hobart,AU,2021-12-02 02:38:10,-42.8794,147.3294,83.26,53,75,1.01
177,Victoria,HK,2021-12-02 02:38:33,22.2855,114.1577,66.04,42,6,1.01
178,Palmer,US,2021-12-02 02:38:34,42.1584,-72.3287,36.01,79,75,0.0
179,Kisangani,CD,2021-12-02 02:38:34,0.5167,25.2,69.44,100,99,2.75
180,Tokur,RU,2021-12-02 02:38:34,53.1333,132.9,-6.9,85,37,2.17
181,Honolulu,US,2021-12-02 02:36:43,21.3069,-157.8583,84.02,64,40,17.27
182,Batagay-Alyta,RU,2021-12-02 02:38:35,67.8006,130.4114,-38.69,97,32,4.54
183,Cayenne,GF,2021-12-02 02:38:36,4.9333,-52.3333,81.09,87,75,1.99
184,Maniitsoq,GL,2021-12-02 02:38:36,65.4167,-52.9,34.12,76,100,11.34
185,Tsabong,BW,2021-12-02 02:38:36,-26.0217,22.401,74.28,55,98,17.43
186,Kutum,SD,2021-12-02 02:38:37,14.2,24.6667,61.02,35,0,12.86
187,Port Hardy,CA,2021-12-02 02:38:37,50.6996,-127.4199,46.4,87,90,8.05
188,Esperance,AU,2021-12-02 02:38:13,-33.8667,121.9,67.84,59,24,15.68
189,Hay River,CA,2021-12-02 02:38:38,60.8156,-115.7999,6.78,85,90,2.3
190,Bandarbeyla,SO,2021-12-02 02:38:38,9.4942,50.8122,74.26,67,0,12.17
191,Ovalle,CL,2021-12-02 02:39:12,-30.5983,-71.2003,65.43,51,0,2.33
192,La Ronge,CA,2021-12-02 02:39:39,55.1001,-105.2842,12.45,85,90,4.61
193,Hami,CN,2021-12-02 02:39:09,42.8,93.45,26.31,59,0,3.27
194,Hokitika,NZ,2021-12-02 02:39:40,-42.7167,170.9667,66.15,73,97,6.08
195,Lusambo,CD,2021-12-02 02:39:41,-4.9667,23.45,68.52,99,100,1.54
196,Huaibei,CN,2021-12-02 02:39:41,33.9744,116.7917,47.26,30,0,12.35
197,Bud,US,2021-12-02 02:39:42,39.447,-86.1758,49.48,97,76,7.29
198,Mehamn,NO,2021-12-02 02:39:43,71.0357,27.8492,32.72,60,100,23.11
199,Roald,NO,2021-12-02 02:39:43,62.5833,6.1333,36.0,69,75,9.22
200,Praia Da Vitoria,PT,2021-12-02 02:39:43,38.7333,-27.0667,62.85,94,75,5.61
201,Mala,PE,2021-12-02 02:39:44,-12.6581,-76.6308,66.07,88,100,4.81
202,Deputatskiy,RU,2021-12-02 02:37:00,69.3,139.9,-37.77,100,48,2.01
203,Ahipara,NZ,2021-12-02 02:39:45,-35.1667,173.1667,71.06,67,100,5.26
204,Cherskiy,RU,2021-12-02 02:39:45,68.75,161.3,-34.65,100,62,4.07
205,Sao Filipe,CV,2021-12-02 02:38:37,14.8961,-24.4956,74.71,68,100,11.18
206,Aksarka,RU,2021-12-02 02:39:46,66.5606,67.7975,0.37,96,100,14.29
207,Matara,LK,2021-12-02 02:39:35,5.9485,80.5353,79.63,79,16,3.24
208,Morecambe,GB,2021-12-02 02:35:45,54.0684,-2.8611,38.57,92,71,1.99
209,Neiafu,TO,2021-12-02 02:39:47,-18.65,-173.9833,81.28,74,75,9.22
210,Mathbaria,BD,2021-12-02 02:39:47,22.2876,89.9593,74.84,51,2,4.92
211,Kirovskiy,RU,2021-12-02 02:39:48,45.0917,133.5136,20.07,84,65,8.41
212,Semey,KZ,2021-12-02 02:39:48,50.4111,80.2275,16.02,73,0,11.18
213,Privas,FR,2021-12-02 02:39:49,44.5833,4.5,40.53,91,36,5.12
214,Lagoa,PT,2021-12-02 02:39:49,39.05,-27.9833,62.8,82,0,7.83
215,San Quintin,MX,2021-12-02 02:39:50,30.4833,-115.95,61.23,82,0,3.96
216,Fortuna,US,2021-12-02 02:39:50,40.5982,-124.1573,52.09,59,75,0.0
217,Ludvika,SE,2021-12-02 02:39:50,60.1496,15.1878,18.03,69,100,4.41
218,Chokurdakh,RU,2021-12-02 02:39:51,70.6333,147.9167,-36.22,100,92,6.31
219,Ndioum,SN,2021-12-02 02:39:51,16.5129,-14.6471,78.69,16,100,9.64
220,Yulara,AU,2021-12-02 02:39:52,-25.2406,130.9889,102.04,8,0,11.5
221,Ribeira Grande,PT,2021-12-02 02:39:52,38.5167,-28.7,63.99,81,4,4.83
222,Asahikawa,JP,2021-12-02 02:39:53,43.7678,142.3703,27.61,80,75,16.11
223,Flers,FR,2021-12-02 02:39:53,48.7372,-0.5747,41.25,82,90,11.56
224,Saint-Philippe,RE,2021-12-02 02:38:49,-21.3585,55.7679,72.99,84,56,11.61
225,Pacific Grove,US,2021-12-02 02:38:48,36.6177,-121.9166,65.55,55,1,1.99
226,Nesbyen,NO,2021-12-02 02:39:54,60.5681,9.1027,23.02,91,29,4.54
227,Goderich,CA,2021-12-02 02:39:54,43.7501,-81.7165,39.9,75,100,13.8
228,Puerto Carreno,CO,2021-12-02 02:39:55,6.189,-67.4859,82.0,67,100,14.23
229,Taylorville,US,2021-12-02 02:39:55,39.5489,-89.2945,50.25,93,1,6.91
230,Tongliao,CN,2021-12-02 02:39:56,43.6125,122.2653,32.22,65,100,20.29
231,Mankono,CI,2021-12-02 02:39:56,8.0586,-6.1897,75.52,64,31,3.67
232,Kaitangata,NZ,2021-12-02 02:39:57,-46.2817,169.8464,64.92,79,100,10.89
233,Berlevag,NO,2021-12-02 02:39:57,70.8578,29.0864,33.66,60,100,26.96
234,Touros,BR,2021-12-02 02:39:57,-5.1989,-35.4608,81.5,77,81,9.46
235,Kenai,US,2021-12-02 02:39:59,60.5544,-151.2583,18.14,90,90,4.61
236,Khandyga,RU,2021-12-02 02:40:58,62.6667,135.6,-26.64,90,14,3.06
237,Kurchum,KZ,2021-12-02 02:40:58,48.5722,83.6542,9.28,79,5,2.57
238,Solginskiy,RU,2021-12-02 02:40:59,61.05,41.3428,16.75,94,100,8.5
239,Roma,US,2021-12-02 02:40:59,43.2128,-75.4557,39.83,81,75,8.05
240,Batavia,US,2021-12-02 02:36:12,41.85,-88.3126,48.18,83,1,1.99
241,Kamenskiy,RU,2021-12-02 02:41:00,50.8855,45.488,25.9,94,35,10.54
242,Poum,NC,2021-12-02 02:38:46,-20.2333,164.0167,82.27,74,36,14.25
243,Shestakovo,RU,2021-12-02 02:41:01,56.4915,103.96,13.84,92,100,4.09
244,Progreso,MX,2021-12-02 02:41:01,21.2833,-89.6667,75.31,77,4,10.94
245,Ettaiyapuram,IN,2021-12-02 02:41:02,9.1441,77.9907,78.46,81,97,9.13
246,Melilla,ES,2021-12-02 02:41:02,35.2937,-2.9383,57.58,58,0,8.05
247,San Patricio,US,2021-12-02 02:36:09,28.017,-97.5169,69.89,82,97,5.79
248,Baruun-Urt,MN,2021-12-02 02:41:03,46.6806,113.2792,22.73,58,32,19.69
249,Riviere-Au-Renard,CA,2021-12-02 02:41:03,48.9957,-64.3971,26.6,86,53,8.77
250,Souillac,MU,2021-12-02 02:41:03,-20.5167,57.5167,79.36,73,40,8.05
251,Bouza,NE,2021-12-02 02:41:04,14.4229,6.0428,68.04,21,63,9.37
252,Isiro,CD,2021-12-02 02:41:04,2.7739,27.616,65.41,99,94,0.11
253,Baykit,RU,2021-12-02 02:41:05,61.67,96.37,3.88,98,100,1.34
254,Mabaruma,GY,2021-12-02 02:41:05,8.2,-59.7833,73.56,97,92,3.38
255,Husavik,IS,2021-12-02 02:41:06,66.0449,-17.3389,21.11,83,100,14.43
256,Meulaboh,ID,2021-12-02 02:41:06,4.1363,96.1285,80.91,76,47,5.64
257,Panaba,MX,2021-12-02 02:41:07,21.2833,-88.2667,71.26,95,37,7.2
258,Hofn,IS,2021-12-02 02:41:07,64.2539,-15.2082,28.29,94,100,6.67
259,Geraldton,AU,2021-12-02 02:41:07,-28.7667,114.6,73.81,49,0,19.57
260,Shetpe,KZ,2021-12-02 02:41:08,44.1667,52.1167,35.37,87,85,5.53
261,Kanye,BW,2021-12-02 02:41:08,-24.9667,25.3327,66.22,69,98,6.02
262,Sunrise Manor,US,2021-12-02 02:41:09,36.2111,-115.0731,67.71,18,1,4.61
263,Comodoro Rivadavia,AR,2021-12-02 02:41:09,-45.8667,-67.5,57.06,28,0,24.16
264,Pingliang,CN,2021-12-02 02:41:10,35.5392,106.6861,41.16,17,10,5.91
265,Georgetown,MY,2021-12-02 02:41:10,5.4112,100.3354,80.55,85,40,1.01
266,Chipata,ZM,2021-12-02 02:41:10,-13.6333,32.65,67.23,70,3,3.71
267,Staryy Nadym,RU,2021-12-02 02:41:11,65.6118,72.6842,6.35,95,100,15.77
268,Ponta Do Sol,PT,2021-12-02 02:41:11,32.6667,-17.1,65.01,72,18,5.66
269,Dalbandin,PK,2021-12-02 02:41:12,28.8947,64.4101,56.21,32,0,4.61
270,Durango,MX,2021-12-02 02:38:19,24.8333,-104.8333,53.67,73,70,1.01
271,Petrozavodsk,RU,2021-12-02 02:41:13,61.7849,34.3469,9.86,85,88,8.95
272,Virginia Beach,US,2021-12-02 02:41:13,36.8529,-75.978,52.0,84,75,5.75
273,Nelson Bay,AU,2021-12-02 02:39:32,-32.7167,152.15,82.29,69,18,3.0
274,Kirakira,SB,2021-12-02 02:41:14,-10.4544,161.9205,83.73,77,36,2.46
275,Samarai,PG,2021-12-02 02:41:14,-10.6167,150.6667,86.45,72,100,13.04
276,Los Llanos De Aridane,ES,2021-12-02 02:41:15,28.6585,-17.9182,64.15,71,40,5.01
277,Coleraine,GB,2021-12-02 02:38:41,55.1333,-6.6667,38.12,69,99,24.25
278,Port Blair,IN,2021-12-02 02:41:15,11.6667,92.75,81.43,84,92,19.62
279,Belmonte,BR,2021-12-02 02:41:16,-15.8631,-38.8828,77.5,89,100,11.3
280,Honavar,IN,2021-12-02 02:41:16,14.2833,74.45,78.01,82,58,3.18
281,Kidal,ML,2021-12-02 02:41:17,18.4411,1.4078,70.12,18,19,10.4
282,Bonavista,CA,2021-12-02 02:42:17,48.6499,-53.1147,36.12,71,8,10.78
283,Sfantu Gheorghe,RO,2021-12-02 02:42:17,45.8667,25.7833,28.92,88,42,1.99
284,Tabou,CI,2021-12-02 02:42:18,4.423,-7.3528,78.4,84,27,5.53
285,Solano,US,2021-12-02 02:42:18,38.2333,-121.9511,65.03,84,1,0.0
286,San Ignacio,BZ,2021-12-02 02:42:19,17.1561,-89.0714,75.34,94,0,0.0
287,Lujan,AR,2021-12-02 02:42:19,-34.5703,-59.105,67.75,83,0,6.87
288,Bubaque,GW,2021-12-02 02:42:19,11.2833,-15.8333,81.59,64,100,14.52
289,Lockhart,US,2021-12-02 02:42:20,28.6194,-81.4426,67.17,80,37,3.94
290,Severo-Kurilsk,RU,2021-12-02 02:42:20,50.6789,156.125,37.99,82,98,26.44
291,Athabasca,CA,2021-12-02 02:42:21,54.7169,-113.2854,28.22,89,63,3.15
292,Lompoc,US,2021-12-02 02:42:21,34.6391,-120.4579,69.94,97,90,3.44
293,Tromso,NO,2021-12-02 02:42:21,69.6496,18.957,32.02,51,0,16.11
294,Severnoye,RU,2021-12-02 02:42:22,56.3491,78.3619,18.43,81,100,10.6
295,Waipawa,NZ,2021-12-02 02:42:22,-41.4122,175.5153,66.31,63,92,13.44
296,Nizwa,OM,2021-12-02 02:42:23,22.9333,57.5333,65.55,62,0,2.44
297,Dikson,RU,2021-12-02 02:42:23,73.5069,80.5464,-8.28,96,100,16.2
298,Soyo,AO,2021-12-02 02:42:24,-6.1349,12.3689,77.16,89,99,4.88
299,Qaqortoq,GL,2021-12-02 02:42:24,60.7167,-46.0333,32.0,98,100,16.51
300,Aden,YE,2021-12-02 02:42:24,12.7794,45.0367,78.44,61,0,11.32
301,Uvat,RU,2021-12-02 02:42:25,59.1433,68.8953,35.1,78,100,14.81
302,Cockburn Town,TC,2021-12-02 02:38:28,21.4612,-71.1419,80.47,73,0,15.1
303,Suoyarvi,RU,2021-12-02 02:42:25,62.0833,32.35,9.95,94,65,7.29
304,Vostok,RU,2021-12-02 02:37:29,46.4856,135.8833,7.45,78,13,5.66
305,Gladstone,AU,2021-12-02 02:42:26,-23.85,151.25,85.93,70,23,11.5
306,Markova,UA,2021-12-02 02:42:27,48.6758,24.4138,40.71,79,100,13.47
307,Cabra,ES,2021-12-02 02:42:27,37.4725,-4.4421,51.39,89,100,3.0
308,Dalvik,IS,2021-12-02 02:42:27,65.9702,-18.5286,21.13,91,100,7.52
309,Kalabo,ZM,2021-12-02 02:42:28,-14.97,22.6814,72.25,58,77,5.48
310,Lavrentiya,RU,2021-12-02 02:42:28,65.5833,-171.0,-11.22,83,0,5.93
311,Norman Wells,CA,2021-12-02 02:42:29,65.282,-126.8329,-20.16,63,90,4.61
312,Jijiga,ET,2021-12-02 02:42:29,9.35,42.8,54.18,22,77,3.24
313,Provideniya,RU,2021-12-02 02:42:29,64.3833,-173.3,-1.64,50,0,4.47
314,Atbasar,KZ,2021-12-02 02:42:30,51.8,68.3333,32.58,75,100,14.79
315,Akyab,MM,2021-12-02 02:42:30,20.15,92.9,77.45,53,16,6.13
316,Ancud,CL,2021-12-02 02:42:31,-41.8697,-73.8203,44.13,80,100,4.81
317,Caravelas,BR,2021-12-02 02:42:31,-17.7125,-39.2481,73.87,95,74,7.58
318,Fairbanks,US,2021-12-02 02:38:47,64.8378,-147.7164,-7.08,74,1,0.0
319,Alofi,NU,2021-12-02 02:42:32,-19.0595,-169.9187,76.89,88,90,18.41
320,Talnakh,RU,2021-12-02 02:42:32,69.4865,88.3972,-23.06,98,24,4.79
321,Vanimo,PG,2021-12-02 02:42:32,-2.6741,141.3028,83.68,75,100,3.94
322,Urumqi,CN,2021-12-02 02:42:03,43.801,87.6005,9.55,85,1,2.24
323,Dumas,US,2021-12-02 02:42:33,35.8656,-101.9732,58.42,33,1,6.91
324,Grand-Santi,GF,2021-12-02 02:42:33,4.25,-54.3833,72.91,100,100,1.99
325,Christchurch,NZ,2021-12-02 02:42:34,-43.5333,172.6333,63.91,71,90,8.01
326,Bethel,US,2021-12-02 02:41:43,41.3712,-73.414,41.81,75,75,0.0
327,Abu Dhabi,AE,2021-12-02 02:42:35,24.4667,54.3667,69.96,78,0,0.0
328,Labuhan,ID,2021-12-02 02:42:35,-6.8844,112.2051,84.36,68,100,4.65
329,Yuxia,CN,2021-12-02 02:42:35,34.0615,108.6291,47.01,22,5,3.62
330,Turayf,SA,2021-12-02 02:42:36,31.6725,38.6637,48.45,100,20,9.22
331,Barcelona,ES,2021-12-02 02:43:36,41.3888,2.159,51.48,82,75,1.01
332,Okato,NZ,2021-12-02 02:43:37,-39.2,173.8833,62.69,95,100,7.83
333,Mecca,SA,2021-12-02 02:43:37,21.4267,39.8261,71.29,70,0,2.06
334,Tres Arroyos,AR,2021-12-02 02:43:38,-38.3739,-60.2798,60.31,54,54,12.21
335,Bengkulu,ID,2021-12-02 02:43:38,-3.8004,102.2655,82.69,67,52,6.51
336,Sinnamary,GF,2021-12-02 02:43:39,5.3833,-52.95,78.17,89,100,10.83
337,Moron,AR,2021-12-02 02:43:39,-34.6534,-58.6198,67.75,77,0,4.0
338,Sabang,ID,2021-12-02 02:43:39,5.8933,95.3214,81.25,73,94,5.57
339,Iqaluit,CA,2021-12-02 02:43:40,63.7506,-68.5145,11.93,72,90,5.01
340,Halifax,CA,2021-12-02 02:41:20,44.6453,-63.5724,39.25,89,39,1.01
341,Kuching,MY,2021-12-02 02:40:02,1.55,110.3333,84.42,74,20,3.44
342,Yumen,CN,2021-12-02 02:43:40,40.2833,97.2,28.76,28,0,6.87
343,Tilichiki,RU,2021-12-02 02:43:41,60.4667,166.1,12.25,94,100,11.3
344,Ukiah,US,2021-12-02 02:43:41,39.1502,-123.2078,62.13,66,1,0.0
345,Galich,RU,2021-12-02 02:43:42,58.3797,42.3475,19.87,94,100,8.23
346,Vallenar,CL,2021-12-02 02:43:42,-28.5708,-70.7581,67.62,45,30,3.15
347,Hasaki,JP,2021-12-02 02:43:43,35.7333,140.8333,57.29,34,0,15.84
348,Havre-Saint-Pierre,CA,2021-12-02 02:43:43,50.2334,-63.5986,28.4,93,90,2.3
349,Grand Gaube,MU,2021-12-02 02:43:44,-20.0064,57.6608,79.38,72,1,4.0
350,Gamba,GA,2021-12-02 02:43:44,-2.65,10.0,75.2,93,100,3.58
351,Pailitas,CO,2021-12-02 02:43:45,8.9565,-73.6255,74.32,90,99,3.42
352,Toul,FR,2021-12-02 02:43:45,48.6667,5.9167,42.06,96,90,10.36
353,Borogontsy,RU,2021-12-02 02:43:46,62.6683,131.1683,-21.66,95,17,5.44
354,Iquitos,PE,2021-12-02 02:43:46,-3.7481,-73.2472,77.04,88,75,3.44
355,Portland,US,2021-12-02 02:39:50,45.5234,-122.6762,58.37,91,75,3.44
356,Krasnyy Chikoy,RU,2021-12-02 02:43:47,50.3643,108.7512,23.25,82,100,12.93
357,Kalmunai,LK,2021-12-02 02:43:47,7.4167,81.8167,78.87,79,97,6.02
358,Hualmay,PE,2021-12-02 02:43:48,-11.0964,-77.6139,65.7,86,96,6.82
359,Shirokiy,RU,2021-12-02 02:43:48,49.758,129.523,5.02,89,100,5.61
360,Oktyabrskiy,RU,2021-12-02 02:43:48,54.4815,53.471,27.07,90,64,9.17
361,Oxapampa,PE,2021-12-02 02:43:49,-10.5775,-75.4017,59.45,98,100,1.34
362,Zakamensk,RU,2021-12-02 02:43:49,50.3741,103.2863,18.21,65,88,2.86
363,San Cristobal,VE,2021-12-02 02:43:50,7.7669,-72.225,68.18,93,65,2.01
364,Cascais,PT,2021-12-02 02:43:50,38.6979,-9.4215,56.52,85,100,15.01
365,Temerloh,MY,2021-12-02 02:43:51,3.4483,102.4176,82.22,82,62,1.34
366,Bambous Virieux,MU,2021-12-02 02:43:51,-20.3428,57.7575,79.21,73,40,8.05
367,Mangit,UZ,2021-12-02 02:43:52,40.5971,70.9607,34.88,43,69,4.52
368,Bowling Green,US,2021-12-02 02:42:12,36.9903,-86.4436,57.6,86,90,4.61
369,Mount Isa,AU,2021-12-02 02:43:52,-20.7333,139.5,100.17,17,0,12.66
370,Roebourne,AU,2021-12-02 02:43:53,-20.7833,117.1333,100.89,17,3,6.62
371,Karratha,AU,2021-12-02 02:39:57,-20.7377,116.8463,98.83,21,1,11.41
372,Gazojak,TM,2021-12-02 02:43:53,41.1875,61.4036,55.22,37,100,9.19
373,Aswan,EG,2021-12-02 02:43:54,24.0934,32.907,60.1,58,0,16.11
374,Alexandria,EG,2021-12-02 02:43:54,31.2156,29.9553,62.56,72,40,8.05
375,Port Hedland,AU,2021-12-02 02:43:55,-20.3167,118.5667,107.65,9,14,11.5
376,Prince Rupert,CA,2021-12-02 02:41:38,54.3161,-130.3201,38.89,68,75,17.27
377,Diamantino,BR,2021-12-02 02:44:56,-14.4086,-56.4461,74.07,87,98,3.56
378,Banjar,ID,2021-12-02 02:44:56,-8.19,114.9675,85.91,81,100,1.16
379,Jiuquan,CN,2021-12-02 02:44:56,39.7432,98.5174,31.66,26,0,6.24
380,Nanortalik,GL,2021-12-02 02:44:57,60.1432,-45.2371,32.67,98,100,21.18
381,Gunjur,GM,2021-12-02 02:44:57,13.2019,-16.7339,71.67,64,71,6.91
382,Salalah,OM,2021-12-02 02:44:58,17.0151,54.0924,75.29,38,0,8.05
383,Vila Franca Do Campo,PT,2021-12-02 02:40:39,37.7167,-25.4333,62.2,85,23,5.68
384,Kandrian,PG,2021-12-02 02:44:58,-6.2167,149.55,86.36,70,79,6.31
385,Newport,GB,2021-12-02 02:44:59,51.5877,-2.9984,39.81,80,6,5.97
386,Faya,SA,2021-12-02 02:44:59,18.3851,42.4509,52.32,55,2,3.0
387,Kahului,US,2021-12-02 02:44:59,20.8947,-156.47,80.62,80,40,14.97
388,Turkmenabat,TM,2021-12-02 02:45:00,39.0733,63.5786,64.38,24,69,18.41
389,Katsuura,JP,2021-12-02 02:45:00,35.1333,140.3,53.71,35,0,4.79
390,Gizo,SB,2021-12-02 02:45:01,-8.103,156.8419,85.78,66,99,2.44
391,Viedma,AR,2021-12-02 02:45:01,-40.8135,-62.9967,65.91,71,75,17.49
392,Mnogovershinnyy,RU,2021-12-02 02:45:02,53.9353,139.9242,9.99,90,100,22.64
393,Gaomi,CN,2021-12-02 02:45:02,36.3833,119.7528,42.58,36,0,13.53
394,Bani Walid,LY,2021-12-02 02:45:03,31.7566,13.9942,49.69,52,34,10.13
395,Pont-Saint-Esprit,FR,2021-12-02 02:45:03,44.2549,4.6474,40.1,91,54,5.68
396,Lianzhou,CN,2021-12-02 02:45:04,24.7811,112.3825,59.41,38,6,4.32
397,Vieques,PR,2021-12-02 02:45:04,18.425,-65.8329,80.64,78,75,16.11
398,Khasan,RU,2021-12-02 02:45:04,42.4308,130.6434,33.87,51,2,8.66
399,Xining,CN,2021-12-02 02:45:05,36.6167,101.7667,26.29,35,91,2.64
400,Xiongzhou,CN,2021-12-02 02:45:05,25.1167,114.3,57.22,31,0,3.91
401,Andros Town,BS,2021-12-02 02:45:06,24.7,-77.7667,67.96,61,6,7.25
402,Katobu,ID,2021-12-02 02:45:06,-4.9408,122.5276,87.73,62,100,6.22
403,Wladyslawowo,PL,2021-12-02 02:45:06,54.7909,18.4009,40.55,75,100,24.83
404,Kashary,RU,2021-12-02 02:45:07,49.04,41.0056,33.17,92,100,9.8
405,Port Keats,AU,2021-12-02 02:45:07,-14.25,129.55,94.17,50,11,11.79
406,Saint-Joseph,RE,2021-12-02 02:45:08,-21.3667,55.6167,73.76,81,30,11.95
407,Robertson,US,2021-12-02 02:42:47,36.5167,-86.8667,57.52,86,90,8.05
408,Hervey Bay,AU,2021-12-02 02:45:08,-25.2986,152.8535,84.31,78,17,5.01
409,Lamu,KE,2021-12-02 02:45:09,-2.2717,40.902,80.82,82,46,8.48
410,Shingu,JP,2021-12-02 02:45:09,33.7333,135.9833,52.79,42,0,2.08
411,Terrace,CA,2021-12-02 02:43:23,54.5163,-128.6035,37.42,80,75,13.8
412,Wilhelmsburg,AT,2021-12-02 02:45:10,48.1057,15.6054,49.3,80,100,9.01
413,Narsaq,GL,2021-12-02 02:45:10,60.9167,-46.05,30.72,98,100,16.71
414,San Jeronimo,PE,2021-12-02 02:45:11,-11.9472,-75.2829,54.73,76,100,0.74
415,Stornoway,GB,2021-12-02 02:45:11,58.2093,-6.3865,37.36,84,40,4.0
416,Haines Junction,CA,2021-12-02 02:45:12,60.7522,-137.5108,10.35,85,100,1.14
417,Georgiyevskoye,RU,2021-12-02 02:45:12,58.731,45.024,19.51,93,100,7.96
418,Port Lincoln,AU,2021-12-02 02:45:13,-34.7333,135.8667,64.72,55,36,17.56
419,Altay,CN,2021-12-02 02:45:13,47.8667,88.1167,22.17,50,58,7.83
420,Hedaru,TZ,2021-12-02 02:45:13,-4.5,37.9,68.77,90,65,2.06
421,Moose Factory,CA,2021-12-02 02:45:14,51.2585,-80.6094,17.6,86,90,9.22
422,Beloha,MG,2021-12-02 02:46:14,-25.1667,45.05,74.71,81,0,6.89
423,Anton Lizardo,MX,2021-12-02 02:46:15,19.05,-95.9833,76.21,79,23,8.03
424,Garowe,SO,2021-12-02 02:46:15,8.4054,48.4845,64.58,77,35,7.16
425,Egvekinot,RU,2021-12-02 02:46:16,66.3167,-179.1667,-0.56,83,100,4.83
426,Roxas,PH,2021-12-02 02:46:16,11.5853,122.7511,80.73,83,100,14.47
427,Mayo,US,2021-12-02 02:46:17,38.8876,-76.5119,51.91,75,90,4.0
428,Agronom,RU,2021-12-02 02:46:17,45.1387,39.1939,37.71,100,0,8.95
429,Phuthaditjhaba,ZA,2021-12-02 02:46:17,-28.5242,28.8158,59.65,79,99,4.83
430,Rurrenabaque,BO,2021-12-02 02:46:18,-14.4413,-67.5278,75.94,78,84,1.92
431,Parana,AR,2021-12-02 02:46:18,-31.732,-60.5238,68.31,76,0,10.69
432,Trat,TH,2021-12-02 02:46:19,12.5,102.5,82.26,72,42,16.69
433,Ondangwa,NA,2021-12-02 02:46:19,-17.9167,15.95,76.42,49,100,7.92
434,Colares,PT,2021-12-02 02:46:20,38.7992,-9.4469,57.29,84,99,15.01
435,Mujiayingzi,CN,2021-12-02 02:46:20,42.1167,118.7833,30.87,43,95,15.59
436,Tucuma,BR,2021-12-02 02:46:21,-0.1833,-50.05,76.55,93,98,4.74
437,Abidjan,CI,2021-12-02 02:42:55,5.3094,-4.0197,76.96,94,20,2.3
438,General Pico,AR,2021-12-02 02:46:21,-35.6566,-63.7568,68.18,59,78,8.84
439,Bundaberg,AU,2021-12-02 02:46:22,-24.85,152.35,84.49,65,75,5.75
440,Derzhavinsk,KZ,2021-12-02 02:46:22,51.1,66.3167,38.28,71,100,17.47
441,Biak,ID,2021-12-02 02:46:22,-0.9131,122.8766,81.32,71,100,3.2
442,Alberton,CA,2021-12-02 02:46:23,46.8168,-64.0654,33.93,82,37,17.58
443,Pedernales,DO,2021-12-02 02:46:23,18.0384,-71.744,78.73,69,25,1.92
444,Irbeyskoye,RU,2021-12-02 02:46:24,55.6428,95.4522,29.14,74,100,9.98
445,Iwaki,JP,2021-12-02 02:46:24,37.05,140.8833,49.01,57,21,1.01
446,Flin Flon,CA,2021-12-02 02:45:28,54.7682,-101.865,9.14,91,100,7.52
447,Nuuk,GL,2021-12-02 02:46:25,64.1835,-51.7216,32.04,98,100,12.15
448,Matinhos,BR,2021-12-02 02:46:25,-25.8175,-48.5428,74.66,90,100,5.97
449,Shakiso,ET,2021-12-02 02:46:25,5.75,38.9167,50.7,70,74,3.85
450,Manta,EC,2021-12-02 02:46:26,-0.95,-80.7333,73.18,83,75,10.36
451,Sarai,RU,2021-12-02 02:46:26,53.7458,41.0213,25.38,66,60,12.46
452,Barra Patuca,HN,2021-12-02 02:46:27,15.8,-84.2833,76.95,81,34,3.91
453,Whitianga,NZ,2021-12-02 02:46:27,-36.8333,175.7,73.02,69,98,5.82
454,Acarau,BR,2021-12-02 02:46:28,-2.8856,-40.12,79.72,81,92,11.63
455,Trapani,IT,2021-12-02 02:46:28,37.8333,12.6667,60.35,82,13,10.63
456,Zyryanka,RU,2021-12-02 02:46:29,65.75,150.85,-40.45,100,84,1.59
457,Camocim,BR,2021-12-02 02:46:29,-2.9022,-40.8411,78.76,82,78,8.95
458,Batagay,RU,2021-12-02 02:46:29,67.6333,134.6333,-44.7,100,89,1.25
459,Kushmurun,KZ,2021-12-02 02:46:30,52.4503,64.6311,35.96,79,59,17.27
460,Svetlaya,RU,2021-12-02 02:46:30,46.5389,138.3297,20.46,58,55,6.89
461,Palora,EC,2021-12-02 02:46:31,-1.7,-77.9333,66.79,96,89,1.97
462,Bairiki,KI,2021-12-02 02:46:31,1.3292,172.9752,87.8,62,40,6.91
463,Byron Bay,AU,2021-12-02 02:46:32,-28.65,153.6167,81.88,74,55,16.55
464,Shaunavon,CA,2021-12-02 02:46:32,49.6501,-108.4181,33.58,86,100,8.32
465,Dong Hoi,VN,2021-12-02 02:46:33,17.4833,106.6,69.66,71,98,16.2
466,Hampstead,US,2021-12-02 02:46:33,42.8745,-71.1812,36.19,78,1,3.44
467,Novoagansk,RU,2021-12-02 02:44:52,61.9449,76.6625,33.3,96,100,13.62
468,Seminole,US,2021-12-02 02:46:34,28.7086,-81.2081,66.33,89,1,5.75
469,Naze,JP,2021-12-02 02:47:34,28.3667,129.4833,59.92,65,87,12.97
470,Galle,LK,2021-12-02 02:47:35,6.0367,80.217,79.48,81,12,4.25
471,Pampierstad,ZA,2021-12-02 02:47:35,-27.7832,24.6877,70.25,58,72,10.04
472,Mutis,CO,2021-12-02 02:47:36,6.2262,-77.4044,77.22,89,100,0.58
473,Lima,PE,2021-12-02 02:46:54,-12.0432,-77.0282,66.9,78,0,12.66
474,Beringovskiy,RU,2021-12-02 02:47:36,63.05,179.3167,-5.19,94,62,9.78
475,Road Town,VG,2021-12-02 02:46:03,18.4167,-64.6167,80.69,77,93,19.44
476,Kunda,IN,2021-12-02 02:47:37,25.7167,81.5167,66.34,38,94,5.84
477,Taoudenni,ML,2021-12-02 02:47:37,22.6783,-3.9836,65.84,16,100,10.38
478,Ranfurly,NZ,2021-12-02 02:47:38,-45.1333,170.1,57.65,69,100,6.67
479,Toora-Khem,RU,2021-12-02 02:47:38,52.4675,96.11,4.68,88,98,1.28
480,Sao Lourenco Do Sul,BR,2021-12-02 02:47:39,-31.3653,-51.9783,62.89,72,92,7.63
481,Araguacu,BR,2021-12-02 02:47:39,-12.9306,-49.8264,74.77,92,100,1.61
482,Necochea,AR,2021-12-02 02:46:53,-38.5473,-58.7368,59.04,74,0,13.49
483,Filingue,NE,2021-12-02 02:47:40,14.3521,3.3168,73.78,18,93,7.49
484,Tommot,RU,2021-12-02 02:47:40,58.9564,126.2925,-1.25,92,100,4.65
485,Coahuayana,MX,2021-12-02 02:47:41,18.7333,-103.6833,74.79,86,0,2.06
486,Kulhudhuffushi,MV,2021-12-02 02:47:41,6.6221,73.07,81.75,76,12,8.01
487,Vila Do Maio,CV,2021-12-02 02:47:42,15.1333,-23.2167,74.19,67,100,18.57
488,Kavieng,PG,2021-12-02 02:47:42,-2.5744,150.7967,85.5,66,57,8.21
489,Benghazi,LY,2021-12-02 02:47:43,32.1167,20.0667,63.82,61,25,10.42
490,Anna Paulowna,NL,2021-12-02 02:47:43,52.862,4.834,41.09,81,75,13.0
491,Okha,RU,2021-12-02 02:47:43,53.5739,142.9478,19.53,87,100,46.06
492,Balkhash,KZ,2021-12-02 02:47:44,46.844,74.9804,21.81,68,0,17.9
493,Ust-Maya,RU,2021-12-02 02:47:44,60.4167,134.5333,-19.43,88,16,3.33
494,Leningradskiy,RU,2021-12-02 02:47:45,69.3833,178.4167,-15.21,89,100,3.33
495,Omboue,GA,2021-12-02 02:47:45,-1.5746,9.2618,75.92,93,100,4.41
496,Tunceli,TR,2021-12-02 02:47:46,39.1083,39.5471,35.89,67,11,4.61
497,Tuatapere,NZ,2021-12-02 02:47:46,-46.1333,167.6833,68.18,53,100,7.05
498,Chinchani,IN,2021-12-02 02:47:47,19.8667,72.7,68.68,78,98,13.67
499,Port-Gentil,GA,2021-12-02 02:47:47,-0.7193,8.7815,79.38,83,100,5.84
500,Yaan,NG,2021-12-02 02:47:47,7.3833,8.5667,73.78,55,96,3.83
501,Pafos,CY,2021-12-02 02:47:48,34.7667,32.4167,53.38,66,0,6.91
502,Phuket,TH,2021-12-02 02:47:48,8.0,98.25,80.82,83,75,14.97
503,Santa Catalina,PH,2021-12-02 02:47:49,9.3337,122.8637,85.44,72,63,0.74
504,Ust-Barguzin,RU,2021-12-02 02:47:49,53.45,108.9833,16.47,75,85,4.59
505,Turukhansk,RU,2021-12-02 02:47:50,65.8167,87.9833,-4.88,88,88,12.06
506,Port Said,EG,2021-12-02 02:47:50,31.2565,32.2841,64.38,68,40,8.05
507,Kosh-Agach,RU,2021-12-02 02:47:50,50.0,88.6667,6.67,55,0,1.19
508,Bathsheba,BB,2021-12-02 02:47:51,13.2167,-59.5167,81.21,78,40,13.8
509,Eureka,US,2021-12-02 02:44:24,40.8021,-124.1637,52.25,90,0,5.46
510,Mount Pleasant,US,2021-12-02 02:47:52,32.7941,-79.8626,56.98,77,90,0.0
511,Stromness,GB,2021-12-02 02:47:52,58.965,-3.296,39.16,54,100,34.47
512,Quatre Cocos,MU,2021-12-02 02:47:52,-20.2078,57.7625,79.09,71,10,13.09
513,Sulangan,PH,2021-12-02 02:47:53,11.1373,123.7228,81.45,82,100,23.17
514,Tretten,NO,2021-12-02 02:47:53,61.3142,10.3007,13.08,91,15,6.2
515,Raga,SS,2021-12-02 02:47:54,8.4596,25.678,73.69,56,19,3.18
516,Vanderhoof,CA,2021-12-02 02:47:54,54.0166,-124.0198,35.08,83,67,6.33
517,Balsas,BR,2021-12-02 02:44:02,-7.5325,-46.0356,75.51,87,100,1.1
518,Charyshskoye,RU,2021-12-02 02:47:55,51.3978,83.5598,17.11,73,2,6.08
519,Daru,PG,2021-12-02 02:48:55,-9.0763,143.2092,86.4,71,94,4.14
520,Chiang Klang,TH,2021-12-02 02:48:56,19.2938,100.8617,75.43,53,31,0.65
521,Carutapera,BR,2021-12-02 02:45:32,-1.195,-46.02,79.74,80,92,6.82
522,Jacareacanga,BR,2021-12-02 02:48:56,-6.2222,-57.7528,72.41,99,92,1.88
523,Anshun,CN,2021-12-02 02:48:57,26.25,105.9333,47.17,65,100,5.26
524,Kerch,UA,2021-12-02 02:48:57,45.3583,36.4758,41.85,73,19,13.09
525,Mikhaylovka,RU,2021-12-02 02:48:58,50.06,43.2379,32.7,93,91,10.49
526,Mizdah,LY,2021-12-02 02:48:59,31.4451,12.9801,46.33,49,9,5.21
527,Tianpeng,CN,2021-12-02 02:48:59,30.9866,103.9393,52.27,50,4,4.59
528,Arani,IN,2021-12-02 02:49:00,12.6667,79.2833,76.5,78,28,5.7
529,Uruacu,BR,2021-12-02 02:49:00,-14.5247,-49.1408,71.71,94,100,1.48
530,Fuyu,CN,2021-12-02 02:49:01,45.1833,124.8167,26.69,80,100,18.41
531,Bogande,BF,2021-12-02 02:49:01,12.9714,-0.1436,74.77,18,79,7.36
532,Najran,SA,2021-12-02 02:49:01,17.4924,44.1277,48.85,34,0,3.4
533,Phan Thiet,VN,2021-12-02 02:49:02,10.9333,108.1,79.86,62,18,5.99
534,Mackay,AU,2021-12-02 02:49:03,-21.15,149.2,91.69,70,1,11.5
535,Bilibino,RU,2021-12-02 02:49:03,68.0546,166.4372,-34.49,100,90,4.54
536,Mitu,CO,2021-12-02 02:49:03,1.1983,-70.1733,72.1,97,97,0.18
537,Beloretsk,RU,2021-12-02 02:49:04,53.9631,58.3981,29.21,98,100,7.16
538,Olafsvik,IS,2021-12-02 02:49:04,64.8945,-23.7142,37.27,97,100,33.38
539,Tanete,ID,2021-12-02 02:49:05,-3.9443,119.7848,87.85,62,100,5.12
540,Shitanjing,CN,2021-12-02 02:49:05,39.2342,106.3439,29.75,32,0,8.77
541,Jumla,NP,2021-12-02 02:49:06,29.2747,82.1838,45.37,93,100,2.04
542,Sola,VU,2021-12-02 02:49:07,-13.8833,167.55,81.86,71,6,4.97
543,Jaboticabal,BR,2021-12-02 02:49:07,-21.2547,-48.3222,72.93,66,4,2.73
544,Pontianak,ID,2021-12-02 02:49:08,-0.0333,109.3333,85.98,66,20,3.44
545,Lorengau,PG,2021-12-02 02:49:08,-2.0226,147.2712,83.08,78,100,3.02
546,Esmeraldas,BR,2021-12-02 02:49:09,-19.7625,-44.3139,74.26,90,1,1.92
547,Cumbitara,CO,2021-12-02 02:49:09,1.6517,-77.5823,59.02,99,100,2.8
548,Cervenia,RO,2021-12-02 02:49:09,43.8333,25.4667,40.35,75,0,2.48
549,Skibbereen,IE,2021-12-02 02:49:10,51.55,-9.2667,39.0,68,88,12.66
550,Palampur,IN,2021-12-02 02:49:10,32.1167,76.5333,57.85,43,100,2.53
551,Pirapora,BR,2021-12-02 02:49:11,-17.345,-44.9419,73.71,86,97,2.8
552,Maceio,BR,2021-12-02 02:44:21,-9.6658,-35.7353,78.24,83,20,4.61
553,Katsina,NG,2021-12-02 02:49:11,12.9894,7.6006,68.68,23,38,10.71
554,Ostrovnoy,RU,2021-12-02 02:49:12,68.0531,39.5131,26.69,78,100,31.94
555,Azare,NG,2021-12-02 02:49:12,11.6765,10.1948,68.76,29,96,9.46
556,Homer,US,2021-12-02 02:49:13,59.6425,-151.5483,21.09,87,90,16.11
557,Saint-Raphael,HT,2021-12-02 02:49:13,19.4333,-72.2,69.28,96,27,3.4
558,Presidencia Roque Saenz Pena,AR,2021-12-02 02:51:25,-26.7852,-60.4388,67.6,62,3,6.2
559,Novobureyskiy,RU,2021-12-02 02:51:26,49.798,129.8774,6.6,76,100,3.56
560,Sindor,RU,2021-12-02 02:51:26,62.8629,51.8905,16.38,98,97,4.21
561,Lukovetskiy,RU,2021-12-02 02:51:26,64.2956,41.9211,15.78,97,95,4.63
562,Preston,GB,2021-12-02 02:51:27,53.7667,-2.7167,39.72,68,98,18.97
563,Bac Lieu,VN,2021-12-02 02:51:28,9.285,105.7244,80.13,78,28,7.49
564,Pevek,RU,2021-12-02 02:51:28,69.7008,170.3133,-9.81,96,99,4.74
565,Lerwick,GB,2021-12-02 02:51:29,60.1545,-1.1494,37.4,64,84,19.95
566,Acoyapa,NI,2021-12-02 02:51:29,11.9703,-85.1711,75.06,84,100,15.73
567,Puerto Colombia,CO,2021-12-02 02:51:30,10.9878,-74.9547,80.69,85,99,21.7
568,Baoning,CN,2021-12-02 02:51:30,25.3378,110.026,55.26,54,0,2.24
569,Xinqing,CN,2021-12-02 02:51:31,48.2333,129.5,13.96,89,100,1.25
570,Kununurra,AU,2021-12-02 02:48:02,-15.7667,128.7333,102.18,30,100,9.22
571,Shieli,KZ,2021-12-02 02:51:31,44.1667,66.75,50.04,38,98,20.51
572,Usinsk,RU,2021-12-02 02:51:32,65.9939,57.5281,13.1,95,100,8.39
573,Kresek,ID,2021-12-02 02:51:32,-6.1314,106.3797,92.48,60,72,9.57
574,Nueve De Julio,AR,2021-12-02 02:51:32,-35.4444,-60.8831,62.71,75,16,8.12
575,Nouadhibou,MR,2021-12-02 02:51:33,20.931,-17.0347,64.38,45,63,20.71
